Department,Semester,Course Code,Course Name,L,T,P,S,C,Faculty,Schedule,total_students,Section,SectionMode,CrossDeptGroup,CrossDeptMode,
CSE,2,MA163,Linear Algebra,3,1,0,0,2,Dr. Anand Barangi,NO,220,ALL,COMBINED,,,
CSE,2,CS162,Optimization,3,1,0,0,2,Dr. Dibyajyoti Guha,YES,220,ALL,COMBINED,,,
CSE,2,CS163,Data Structures and Algorithms,3,0,2,0,4,Dr. Vivekraj,YES,150,A,SPLIT,,,
CSE,2,CS163,Data Structures and Algorithms,3,0,2,0,4,Dr. Suvadip Hazra,YES,150,B,SPLIT,,,
CSE,2,CS208,Computer Architecture,3,0,2,0,2,Dr. Prabhu Prasad,NO,110,A,SPLIT,,,
CSE,2,CS208,Computer Architecture,3,0,2,0,2,Dr. Swagatika Sahoo,YES,110,B,SPLIT,,,
CSE,2,CS165/CS201,Mathematical Foundations of Computing/Discrete Mathematics,3,0,0,0,3,Dr. Suvadip Hazra,YES,110,A,SPLIT,,,
CSE,2,CS165/CS201,Mathematical Foundations of Computing/Discrete Mathematics,3,0,0,0,3,Dr. Suvadip Hazra,YES,110,B,SPLIT,,,
CSE,2,B1-ASD152,Visual Design,3,1,0,0,2,Dr. Sandesh P,NO,,,,,,
CSE,2,B1-CS154,Introduction to Data Analytics,3,1,0,0,2,Dr. Abdul Wahid,NO,11,,,,,
CSE,2,B1-EC156,Introduction to Sensor Technology,3,1,0,0,2,Dr. Muthusankar Eswaran,NO,20,,,,,
CSE,2,B1-CS155+EC153,Introduction to Blockchain + Introduction to IoT,3,1,0,0,2,Dr. Swagatika Sahoo,NO,17,,,,,
CSE,2,B2-DS151,Linux for Engineers,3,1,0,0,2,Dr. Shrishendu Layek,YES,,,,,,
CSE,2,B2-CS151,Introduction to Cybersecurity,3,1,0,0,2,Dr. Rajendra Hegadi,YES,,,,,,
CSE,2,B2-DA151,Introduction to Financial Analytics,3,1,0,0,2,Prof. S R M Prasanna,YES,,,,,,
CSE,2,HS159,Principles of Quantum Physics,3,1,0,0,2,,YES,,,,,,
CSE,2,B2-EC155,Fundamentals of Sensing and Control-II,3,1,0,0,2,,YES,,,,,,
CSE,2,B1-NEW,Consumer Psychology and Decision Making,3,1,0,0,2,,,,,,,,
CSE,2,B1-NEW,Strategic Management,3,1,0,0,2,,,,,,,,
DSAI,2,MA163,Linear Algebra,3,1,0,0,2,Dr. Anand Barangi,YES,100,,,CE_SHARED_1,COMBINED,
DSAI,2,MA111,Li,3,1,0,0,2,Dr. A,YES,215,,,CE_SHARED_4,COMBINED,
DSAI,2,MA112,sfa,3,1,0,0,2,Dr. B,YES,215,,,CE_SHARED_5,COMBINED,
DSAI,2,CS162,Optimization,3,1,0,0,2,Dr. Dibyajyoti Guha,NO,215,,,CE_SHARED_2,COMBINED,
DSAI,2,CS163,Data Structures and Algorithms,3,0,2,0,4,Dr. Sunil Saumya,YES,132,,,,,
DSAI,2,CS164,Computer Architecture,3,0,2,0,2,Dr. Manjunath K V,YES,132,,,,,
DSAI,2,DS164,Data Curation Techniques,2,0,2,0,3,Dr. Ramesh Athe,YES,132,,,,,
ECE,2,MA163,Linear Algebra,3,1,0,0,2,Dr. Anand Barangi,YES,100,,,CE_SHARED_1,COMBINED,
ECE,2,MA111,Li,3,1,0,0,2,Dr. A,YES,215,,,CE_SHARED_4,COMBINED,
ECE,2,MA112,sfa,3,1,0,0,2,Dr. B,YES,215,,,CE_SHARED_5,COMBINED,
ECE,2,CS162,Optimization,3,1,0,0,2,Dr. Dibyajyoti Guha,NO,215,,,CE_SHARED_2,COMBINED,
ECE,2,CS163,Data Structures and Algorithms,3,0,2,0,4,Dr. Prabhu Prasad,YES,132,,,,,
ECE,2,CS164,Computer Architecture,3,0,2,0,2,Dr.Jagdish D.N,NO,,,,,,
ECE,2,EC162,Network Analysis,3,0,0,0,3,Dr. Somen Bhattacharjee,YES,,,,,,
CSE,4,CS265,Software Engineering,3,1,0,0,2,Dr. Sunil P V,YES,85,A,SPLIT,,,
CSE,4,CS265,Software Engineering,3,1,0,0,2,Dr. Sunil P V,NO,85,B,SPLIT,,,
CSE,4,CS266,Database Management System,3,0,2,0,4,Dr. Abdul Wahid,YES,85,B,SPLIT,,,
CSE,4,CS211,os,3,0,2,0,4,Dr. Abdul Wahid,YES,85,B,SPLIT,,,
CSE,4,CS266,Database Management System,3,0,2,0,4,Dr. Pramod Yelmevad,YES,85,A,SPLIT,,,
CSE,4,CS304,Artificial Intelligence,3,1,0,0,4,Dr. Girish,YES,85,B,SPLIT,,,
CSE,4,CS304,Artificial Intelligence,3,1,0,0,4,Dr. Krishnendu,YES,85,A,SPLIT,,,
CSE,4,CS267,Systems and Usable Security,3,1,0,0,2,Dr. Malay,YES,83,B,SPLIT,,,
CSE,4,CS267,Systems and Usable Security,3,1,0,0,2,Dr. Malay,NO,83,A,SPLIT,,,
CSE,4,CS206,Theory Of Computing,3,1,0,0,4,"Dr. Animesh Roy , Dr. Pavan",YES,84,A,SPLIT,,,
CSE,4,CS206,Theory Of Computing,3,1,0,0,4,Dr. Pavan,YES,85,B,SPLIT,,,
CSE,4,B2-CS252,Digital Forensic,3,1,0,0,2,Dr. Abdul Wahid,YES,,,,,,
CSE,4,B1-EC255,Embedded Intelligent Sensing Systems,3,1,0,0,2,Dr. Sibasankar Padhy,NO,30,,,,,
CSE,4,B1-EC256,Edge AI Systems Design,3,1,0,0,2,Dr. Deepak K.T.,NO,,,,,,
CSE,4,B2-EC257,Causal Ineference,3,1,0,0,2,Dr. Chinmayananda A,YES,,,,,,
CSE,4,B2- CS253,Time Series Forecasting and Applications,3,1,0,0,2,Dr. Nataraj,YES,,,,,,
DSAI,4,DS308,Data Security and Privacy,3,1,0,0,4,Dr. Girish Revadigar,YES,,,,CE_SHARED_3,COMBINED,
DSAI,4,DA263,Big Data Analytics,3,1,0,0,4,Dr. Animesh Chaturvedi,YES,85,,,,,
DSAI,4,DA264,Database Management and Warehousing,3,1,0,0,4,Dr. Utkarsh,YES,85,,,,,
DSAI,4,,Operating Systems,3,1,0,0,2,Dr. Siddharth R,YES,,,,,,
ECE,4,EC264,Analog and Digital Communication,nan,,,,3,Dr. Somen Bhattacharjee,YES,,,,,,
ECE,4,EC265,Linear Integrated Circuits,1,0,2,0,2,Dr. Rajesh Kumar,NO,,,,,,
ECE,4,EC266,Control System,nan,,,,,Dr. Pankaj Kumar,YES,,,,,,
ECE,4,EC267,Digital Signal Processing,nan,,,,,Dr. Sibasankar Padhy,NO,,,,,,
ECE,4,EC268,Embedded System Design,nan,,,,,Dr. Prakash Pawar,YES,,,,,,
ECE,4,EC301,Introduction to VLSI Design,nan,,,,,Dr. Jagadish D.N,YES,,,,,,
CSE,6,DS308,Data Security and Privacy,3,1,0,0,4,Dr. Girish Revadigar,YES,,,,CE_SHARED_3,COMBINED,
CSE,6,B1-EC456,Reinforcement Learning,3,1,0,0,4,Dr. Dibyajyoti Guha,YES,35,,,,,
CSE,6,B1-CS368,Computer Architecture for AI Systems,3,1,0,0,4,Dr. Nataraj,YES,21,,,,,
CSE,6,B1-CS369,Software Design and Architecture,3,1,0,0,4,Dr. Vivekraj,YES,13,,,,,
CSE,6,B1-EC363,CMOS RF Circuit Design,3,1,0,0,4,Dr. Rajesh Kumar,YES,,,,,,
CSE,6,B1-CS370,Remote Sensing and Applications,3,1,0,0,4,Dr. Sunil CK,YES,51,,,,,
CSE,6,B1-CS371,GPU Computing,3,1,0,0,4,Dr. Pramod Yelmevad,YES,30,,,,,
CSE,6,B1-DA351,Explainable AI,3,1,0,0,4,Dr. Siddharth R,YES,67,,,,,
CSE,6,B2-CS469,Virtualisation and Cloud Computing,3,1,0,0,4,Dr. Malay,YES,,,,,,
CSE,6,B2-CS372,Biometric Security and Forensics,3,1,0,0,4,Dr. Pavan,YES,9,,,,,
CSE,6,B2-CS472,Bioinformatics,3,1,0,0,4,Dr. Sunil P V,YES,14,,,,,
CSE,6,B2-CS464,Deep Learning for Computer Vision,3,1,0,0,4,Dr. Chinmayananda A,YES,,,,,,
CSE,6,B2-EC366,Device-Circuit Co-Design,3,1,0,0,4,Dr. Pankaj Kumar,YES,22,,,,,
CSE,6,B3-CS205,Graph Theory,3,1,0,0,4,Dr. Anand Barangi,YES,16,,,,,
CSE,6,B3-CS455,Blockchain Technology,3,1,0,0,4,Dr. Rajendra Hegadi,YES,30,,,,,
CSE,6,B3-CS458,Natural Language Processing,3,1,0,0,4,Dr. Krishnendu,YES,120,,,,,
CSE,6,B3-EC367,Industrial IoT,3,1,0,0,4,Dr. Prakash Pawar,YES,55,,,,,
CSE,6,B4-ASD351,Design Thinking and Innovation,3,1,0,0,4,Dr. Sandesh P,YES,,,,,,
CSE,6,B4-DA352,Full Stack Development II,3,1,0,0,4,Dr. Manjunath K V,YES,98,,,,,
CSE,6,B4-EC361,Introduction to 5G,3,0,2,0,4,Dr. Jagadeesha R Bhat,YES,,,,,,
CSE,6,B5-DS351,Statistics for Health Technology,3,1,0,0,4,Dr. Ramesh Athe,YES,3,,,,,
CSE,6,B5-DS452,Advanced Optimization Techniques,3,1,0,0,4,Dr. Utkarsh,YES,2,,,,,
CSE,6,B5-ASD353+ASD354,Quantum Hardware and Systems + Quantum Hardware Physics,3,1,0,0,4,Dr. Aswath B,YES,14,,,,,
CSE,6,B5-DS358,Deep Speech Processing,3,1,0,0,4,Prof. S R M Prasanna,YES,,,,,,
CSE,6,B5-DA353,Cloud Computing and AI Services,3,1,0,0,4,Dr. Animesh Chaturvedi,YES,24,,,,,
CSE,6,B5-CS373,DevSecOps,3,1,0,0,4,Dr. Girish Revadigar & Dr. Shirshendu Layek,YES,50,,,,,
CSE,6,B5-DS357,Large Language Models,3,1,0,0,4,Dr. Sunil Saumya,YES,31,,,,,
CSE,6,B5-DA354,Federated Learning,3,1,0,0,4,Dr. Sruthi,YES,11,,,,,
CSE,6,B5-DA355,Mathematics for Modern Application,3,1,0,0,4,Prof. Arulalan Rajan,YES,,,,,,
DSAI,6,DS308,Data Security and Privacy,3,1,0,0,4,Dr. Girish Revadigar,YES,,,,CE_SHARED_3,COMBINED,
DSAI,6,B1-EC456,Reinforcement Learning,3,1,0,0,4,Dr. Dibyajyoti Guha,YES,35,,,,,
DSAI,6,B1-CS368,Computer Architecture for AI Systems,3,1,0,0,4,Dr. Nataraj,YES,21,,,,,
DSAI,6,B1-CS369,Software Design and Architecture,3,1,0,0,4,Dr. Vivekraj,YES,13,,,,,
DSAI,6,B1-EC363,CMOS RF Circuit Design,3,1,0,0,4,Dr. Rajesh Kumar,YES,,,,,,
DSAI,6,B1-CS370,Remote Sensing and Applications,3,1,0,0,4,Dr. Sunil CK,YES,51,,,,,
DSAI,6,B1-CS371,GPU Computing,3,1,0,0,4,Dr. Pramod Yelmevad,YES,30,,,,,
DSAI,6,B1-DA351,Explainable AI,3,1,0,0,4,Dr. Siddharth R,YES,67,,,,,
DSAI,6,B2-CS469,Virtualisation and Cloud Computing,3,1,0,0,4,Dr. Malay,YES,,,,,,
DSAI,6,B2-CS372,Biometric Security and Forensics,3,1,0,0,4,Dr. Pavan,YES,9,,,,,
DSAI,6,B2-CS472,Bioinformatics,3,1,0,0,4,Dr. Sunil P V,YES,14,,,,,
DSAI,6,B2-CS464,Deep Learning for Computer Vision,3,1,0,0,4,Dr. Chinmayananda A,YES,,,,,,
DSAI,6,B2-EC366,Device-Circuit Co-Design,3,1,0,0,4,Dr. Pankaj Kumar,YES,22,,,,,
DSAI,6,B3-CS205,Graph Theory,3,1,0,0,4,Dr. Anand Barangi,YES,16,,,,,
DSAI,6,B3-CS455,Blockchain Technology,3,1,0,0,4,Dr. Rajendra Hegadi,YES,30,,,,,
DSAI,6,B3-CS458,Natural Language Processing,3,1,0,0,4,Dr. Krishnendu,YES,120,,,,,
DSAI,6,B3-EC367,Industrial IoT,3,1,0,0,4,Dr. Prakash Pawar,YES,55,,,,,
DSAI,6,B4-ASD351,Design Thinking and Innovation,3,1,0,0,4,Dr. Sandesh P,YES,,,,,,
DSAI,6,B4-DA352,Full Stack Development II,3,1,0,0,4,Dr. Manjunath K V,YES,98,,,,,
DSAI,6,B4-EC361,Introduction to 5G,3,0,2,0,4,Dr. Jagadeesha R Bhat,YES,,,,,,
DSAI,6,B5-DS351,Statistics for Health Technology,3,1,0,0,4,Dr. Ramesh Athe,YES,3,,,,,
DSAI,6,B5-DS452,Advanced Optimization Techniques,3,1,0,0,4,Dr. Utkarsh,YES,2,,,,,
DSAI,6,B5-ASD353+ASD354,Quantum Hardware and Systems + Quantum Hardware Physics,3,1,0,0,4,Dr. Aswath B,YES,14,,,,,
DSAI,6,B5-DS358,Deep Speech Processing,3,1,0,0,4,Prof. S R M Prasanna,YES,,,,,,
DSAI,6,B5-DA353,Cloud Computing and AI Services,3,1,0,0,4,Dr. Animesh Chaturvedi,YES,24,,,,,
DSAI,6,B5-CS373,DevSecOps,3,1,0,0,4,"Dr. Girish Revadigar & Dr. Shirshendu Layek",YES,50,,,,,
DSAI,6,B5-DS357,Large Language Models,3,1,0,0,4,Dr. Sunil Saumya,YES,31,,,,,
DSAI,6,B5-DA354,Federated Learning,3,1,0,0,4,Dr. Sruthi,YES,11,,,,,
DSAI,6,B5-DA355,Mathematics for Modern Application,3,1,0,0,4,Prof. Arulalan Rajan,YES,,,,,,
ECE,6,EC307,Wireless Communication,3,0,2,0,4,Dr. Jagadeesha R Bhat,YES,,,,,,
ECE,6,B1-EC456,Reinforcement Learning,3,1,0,0,4,Dr. Dibyajyoti Guha,YES,35,,,,,
ECE,6,B1-CS368,Computer Architecture for AI Systems,3,1,0,0,4,Dr. Nataraj,YES,21,,,,,
ECE,6,B1-CS369,Software Design and Architecture,3,1,0,0,4,Dr. Vivekraj,YES,13,,,,,
ECE,6,B1-EC363,CMOS RF Circuit Design,3,1,0,0,4,Dr. Rajesh Kumar,YES,,,,,,
ECE,6,B1-CS370,Remote Sensing and Applications,3,1,0,0,4,Dr. Sunil CK,YES,51,,,,,
ECE,6,B1-CS371,GPU Computing,3,1,0,0,4,Dr. Pramod Yelmevad,YES,30,,,,,
ECE,6,B1-DA351,Explainable AI,3,1,0,0,4,Dr. Siddharth R,YES,67,,,,,
ECE,6,B2-CS469,Virtualisation and Cloud Computing,3,1,0,0,4,Dr. Malay,YES,,,,,,
ECE,6,B2-CS372,Biometric Security and Forensics,3,1,0,0,4,Dr. Pavan,YES,9,,,,,
ECE,6,B2-CS472,Bioinformatics,3,1,0,0,4,Dr. Sunil P V,YES,14,,,,,
ECE,6,B2-CS464,Deep Learning for Computer Vision,3,1,0,0,4,Dr. Chinmayananda A,YES,,,,,,
ECE,6,B2-EC366,Device-Circuit Co-Design,3,1,0,0,4,Dr. Pankaj Kumar,YES,22,,,,,
ECE,6,B3-CS205,Graph Theory,3,1,0,0,4,Dr. Anand Barangi,YES,16,,,,,
ECE,6,B3-CS455,Blockchain Technology,3,1,0,0,4,Dr. Rajendra Hegadi,YES,30,,,,,
ECE,6,B3-CS458,Natural Language Processing,3,1,0,0,4,Dr. Krishnendu,YES,120,,,,,
ECE,6,B3-EC367,Industrial IoT,3,1,0,0,4,Dr. Prakash Pawar,YES,55,,,,,
ECE,6,B4-ASD351,Design Thinking and Innovation,3,1,0,0,4,Dr. Sandesh P,YES,,,,,,
ECE,6,B4-DA352,Full Stack Development II,3,1,0,0,4,Dr. Manjunath K V,YES,98,,,,,
ECE,6,B4-EC361,Introduction to 5G,3,0,2,0,4,Dr. Jagadeesha R Bhat,YES,,,,,,
ECE,6,B5-DS351,Statistics for Health Technology,3,1,0,0,4,Dr. Ramesh Athe,YES,3,,,,,
ECE,6,B5-DS452,Advanced Optimization Techniques,3,1,0,0,4,Dr. Utkarsh,YES,2,,,,,
ECE,6,B5-ASD353+ASD354,Quantum Hardware and Systems + Quantum Hardware Physics,3,1,0,0,4,Dr. Aswath B,YES,14,,,,,
ECE,6,B5-DS358,Deep Speech Processing,3,1,0,0,4,Prof. S R M Prasanna,YES,,,,,,
ECE,6,B5-DA353,Cloud Computing and AI Services,3,1,0,0,4,Dr. Animesh Chaturvedi,YES,24,,,,,
ECE,6,B5-CS373,DevSecOps,3,1,0,0,4,Dr. Girish Revadigar & Dr. Shirshendu Layek,YES,50,,,,,
ECE,6,B5-DS357,Large Language Models,3,1,0,0,4,Dr. Sunil Saumya,YES,31,,,,,
ECE,6,B5-DA354,Federated Learning,3,1,0,0,4,Dr. Sruthi,YES,11,,,,,
ECE,6,B5-DA355,Mathematics for Modern Application,3,1,0,0,4,Prof. Arulalan Rajan,YES,,,,,,